epoch,steps,cosine_pearson,cosine_spearman
1.0,25,0.08105041652887142,0.07631678967602547
2.0,50,0.14047482865928576,0.13371310023790578
